{"cameraMode":{"drawMode":0,"name":"Shaded","section":"Shading Mode"},"sceneLighting":true,"audioPlay":false,"sceneViewState":{"m_AlwaysRefresh":false,"showFog":true,"showSkybox":true,"showFlares":true,"showImageEffects":true,"showParticleSystems":true,"showVisualEffectGraphs":true,"m_FxEnabled":true},"in2DMode":false,"pivot":{"x":385.5079345703125,"y":257.58843994140627,"z":-68.64303588867188},"rotation":{"x":-0.03353764861822128,"y":-0.20521606504917146,"z":0.004030088894069195,"w":-0.9791914224624634},"size":89.46159362792969,"orthographic":false}